motifString;centerPos;modificationType;fraction;nDetected;nGenome;groupTag;partnerMotifString;meanScore;meanIpdRatio;meanCoverage;objectiveScore
GATC;2;m6A;0.9971961;28807;28888;GATC;GATC;828.4854;5.3211813;651.46954;2.38E+07
GGWCC;4;m4C;0.9892857;3047;3080;GGWCC;GGWCC;344.8743;2.837123;625.76074;1040693.56
GARANNNNNNCTG;4;m6A;0.99657243;1163;1167;GARANNNNNNCTG/CAGNNNNNNTYTC;CAGNNNNNNTYTC;618.6715;4.4066377;645.20465;682413.06
CAGNNNNNNTYTC;2;m6A;0.9957155;1162;1167;GARANNNNNNCTG/CAGNNNNNNTYTC;GARANNNNNNCTG;752.09467;5.5252304;646.5568;870563.3
RGAANNNNNNNGGT;4;m6A;1;763;763;RGAANNNNNNNGGT/ACCNNNNNNNTTCY;ACCNNNNNNNTTCY;618.82306;4.3906274;650.35516;472162
ACCNNNNNNNTTCY;1;m6A;0.9986894;762;763;RGAANNNNNNNGGT/ACCNNNNNNNTTCY;RGAANNNNNNNGGT;616.39105;4.115024;646.17456;463605.22
GTAYNNNNGTTA;3;m6A;1;218;218;TAACNNNNRTAC/GTAYNNNNGTTA;TAACNNNNRTAC;661.1422;4.45454;653.5321;144129
TAACNNNNRTAC;3;m6A;1;218;218;TAACNNNNRTAC/GTAYNNNNGTTA;GTAYNNNNGTTA;623.5826;4.179358;641.94037;135941
CGGCGVNYD;2;modified_base;0.6027846;736;1221;CGGCGVNYD;;77.535324;1.6585608;655.5965;36184.566
CGCCG;2;modified_base;0.7665699;3169;4134;CGCCG;;132.40297;1.9536232;658.94415;330306.06
